{
  "type": "panel",
  "name": "Simple Angular",
  "id": "simple-angular-panel",

  "info": {
    "description": "Simple Angular Panel",
    "author": {
      "name": "Grafana Labs"
    },
    "keywords": [ "discrete", "events", "strings" ],
    "logos": {
      "small": "img/logo.svg",
      "large": "img/logo.svg"
    },
    "links": [],
    "screenshots": [],
    "version": "%VERSION%",
    "updated": "%TODAY%"
  },

  "dependencies": {
    "grafanaVersion": "6.3.x",
    "plugins": [ ]
  }
}
